Title,URL
"trickest/zip: Monitoring the internet for new .zip domains","https://github.com/trickest/zip"
"t3l3machus/toxssin: An XSS exploitation command-line interface and payload generator.","https://github.com/t3l3machus/toxssin"
"hwvs/Invoke-GPTObfuscation: Powershell implementation of a novel technique. Invoke-GPTObfuscation is a PowerShell Obfuscator that utilizes OpenAI (and other APIs) to obfuscate your PowerShell penetration testing code, malware, or any other sensitive script.","https://github.com/hwvs/Invoke-GPTObfuscation"
"pikpikcu/nodesub: Nodesub is a command-line tool for finding subdomains in bug bounty programs","https://github.com/pikpikcu/nodesub"
"projectdiscovery/nuclei: Fast and customizable vulnerability scanner based on simple YAML based DSL.","https://github.com/projectdiscovery/nuclei"
"baiyies/ScreenshotBOFPlus: Take a screenshot without injection for Cobalt Strike","https://github.com/baiyies/ScreenshotBOFPlus"
"AyalX/Instagram-Lookup: This script allows you to search for an Instagram profile using user ID or retrieve a profile's ID by username. It utilizes the Instagram API to retrieve profile information based on the provided input.","https://github.com/AyalX/Instagram-Lookup"
"0x727/BypassPro: ÂØπÊùÉÈôêÁªïËøáËá™Âä®ÂåñbypassÁöÑburpsuiteÊèí‰ª∂","https://github.com/0x727/BypassPro"
"01rabbit/KaliPAKU: KaliPAKU is a training tool for penetration testing using Kali Linux. It is designed to help security professionals and engineers improve their skills and enhance their organization's security posture.","https://github.com/01rabbit/KaliPAKU"
"0xe7/PowerSploit: PowerSploit - A PowerShell Post-Exploitation Framework","https://github.com/0xe7/PowerSploit"
"0xPugazh/fuzz4bounty: Awesome wordlists for Bug Bounty Hunting","https://github.com/0xPugazh/fuzz4bounty"
"3nock/SpiderSuite: Advance web spider/crawler for cyber security professionals","https://github.com/3nock/SpiderSuite"
"4g3nt47/Striker: A Command and Control (C2)","https://github.com/4g3nt47/Striker"
"anchore/grype: A vulnerability scanner for container images and filesystems","https://github.com/anchore/grype"
"Ashifcoder/exposelab: This is a fully automated Active directory Lab made with the purpose to reduce the hustle of creating it manually.","https://github.com/Ashifcoder/exposelab"
"awakecoding/wireshark-rdp: Wireshark RDP resources","https://github.com/awakecoding/wireshark-rdp"
"awesome-foss/awesome-sysadmin: A curated list of amazingly awesome open-source sysadmin resources.","https://github.com/awesome-foss/awesome-sysadmin"
"AzeemIdrisi/PhoneSploit-Pro: An all-in-one hacking tool to remotely exploit Android devices using ADB and Metasploit-Framework to get a Meterpreter session.","https://github.com/azeemidrisi/phonesploit-pro"
"beurtschipper/Depix: Recovers passwords from pixelized screenshots","https://github.com/beurtschipper/Depix"
"BitWalls-ops/ApkHack-BackDoor: ApkHack-BackDoor is a shell script that simplifies the process of adding a backdoor to any Android APK file.","https://github.com/BitWalls-ops/ApkHack-BackDoor"
"C3n7ral051nt4g3ncy/OSINT-Bookmarklets: Fast Search including Dark Web Search","https://github.com/C3n7ral051nt4g3ncy/OSINT-Bookmarklets"
"channyein1337/jsleak: jsleak is a tool to find secret , paths or links in the source code during the recon.","https://github.com/channyein1337/jsleak"
"chvancooten/maldev-for-dummies: A workshop about Malware Development","https://github.com/chvancooten/maldev-for-dummies"
"CiscoCXSecurity/linikatz: linikatz is a tool to attack AD on UNIX","https://github.com/CiscoCXSecurity/linikatz"
"CorrieOnly/google-dorks","https://github.com/CorrieOnly/google-dorks"
"cqcore/Social-Media-OSINT: Social Media OSINT collection containing - tools, techniques & tradecraft.","https://github.com/cqcore/Social-Media-OSINT"
"PrivFu/ArtsOfGetSystem at main ¬∑ daem0nc0re/PrivFu ¬∑ GitHub","https://github.com/daem0nc0re/PrivFu/tree/main/ArtsOfGetSystem"
"De3vil/KLogger: Remote persistent üîëLogger for Windows and Linux","https://github.com/De3vil/KLogger"
"devploit/dontgo403: Tool to bypass 40X response codes.","https://github.com/devploit/dontgo403"
"dhondta/dronesploit: Drone pentesting framework console","https://github.com/dhondta/dronesploit"
"DosX-dev/UAC-Exploit: Confirmation message bypass","https://github.com/DosX-dev/UAC-Exploit"
"tooling-playground/PowershellStringCleaner at main ¬∑ dr4k0nia/tooling-playground ¬∑ GitHub","https://github.com/dr4k0nia/tooling-playground/tree/main/PowershellStringCleaner"
"dwisiswant0/apkleaks: Scanning APK file for URIs, endpoints & secrets.","https://github.com/dwisiswant0/apkleaks"
"ElectronicCats/CatSniffer: CatSniffer is an original multiprotocol, and multiband board made for sniffing, communicating, and attacking IoT (Internet of Things) devices. It was designed as a highly portable USB stick that integrates the new chips TI CC1352, Semtech SX1262, and Microchip SAMD21E17.","https://github.com/ElectronicCats/CatSniffer"
"EmberHext/DomoArigato: A simple command line tool which quickly audits the Disallow entries of a site's robots.txt.","https://github.com/EmberHext/DomoArigato"
"eslam3kl/SQLiDetector: Simple python script supported with BurpBouty profile that helps you to detect SQL injection ""Error based"" by sending multiple requests with 14 payloads and checking for 152 regex patterns for different databases.","https://github.com/eslam3kl/SQLiDetector"
"Viper/README_EN.md at master ¬∑ FunnyWolf/Viper ¬∑ GitHub","https://github.com/FunnyWolf/Viper/blob/master/README_EN.md"
"gbrls/kurl: HTTP Requests for security researchers","https://github.com/gbrls/kurl"
"giuliacassara/awesome-social-engineering: A curated list of awesome social engineering resources.","https://github.com/giuliacassara/awesome-social-engineering"
"glebarez/padre: Blazing fast, advanced Padding Oracle exploit","https://github.com/glebarez/padre"
"GONZOsint/gvision: GVision is a reverse image search app that use Google Cloud Vision API to detect landmarks and web entities from images, helping you gather valuable information quickly and easily.","https://github.com/GONZOsint/gvision"
"GTFOArgs/GTFOArgs.github.io: GTFOArgs is a curated list of programs and their associated arguments that can be exploited to gain privileged access or execute arbitrary commands, using argument injection.","https://github.com/GTFOArgs/GTFOArgs.github.io"
"GuidoBartoli/sherloq: An open-source digital image forensic toolset","https://github.com/GuidoBartoli/sherloq"
"h33tlit/secret-regex-list: List of regex for scraping secret API keys and juicy information.","https://github.com/h33tlit/secret-regex-list"
"hasanfirnas/symbiote: Your target's phone's front and back camerasüì∏ can be accessed by sending a linküîó.","https://github.com/hasanfirnas/symbiote"
"haticeerturk/scoper: This is a Burp Suite extension that allows users to easily add web addresses to the Burp Suite scope.","https://github.com/haticeerturk/scoper"
"HITH-Hackerinthehouse/PassMute: PassMute - A multi featured Password Transmutation/Mutator Tool","https://github.com/HITH-Hackerinthehouse/PassMute"
"HunxByts/GhostTrack: Useful tool to track location or mobile number","https://github.com/HunxByts/GhostTrack"
"IAMinZoho/OFFSEC-PowerShell: My Favorite Offensive Security Scripts","https://github.com/IAMinZoho/OFFSEC-PowerShell"
"iamj0ker/bypass-403: A simple script just made for self use for bypassing 403","https://github.com/iamj0ker/bypass-403"
"icyguider/Shhhloader: Syscall Shellcode Loader (Work in Progress)","https://github.com/icyguider/Shhhloader"
"Ignitetch/AdvPhishing: This is Advance Phishing Tool ! OTP PHISHING","https://github.com/Ignitetch/AdvPhishing"
"ihebski/DefaultCreds-cheat-sheet: One place for all the default credentials to assist the Blue/Red teamers activities on finding devices with default password üõ°Ô∏è","https://github.com/ihebski/DefaultCreds-cheat-sheet"
"imthenachoman/How-To-Secure-A-Linux-Server: An evolving how-to guide for securing a Linux server.","https://github.com/imthenachoman/How-To-Secure-A-Linux-Server"
"infosecB/LOOBins: Living Off the Orchard: macOS Binaries (LOOBins) is designed to provide detailed information on various built-in ""living off the land"" macOS binaries and how they can be used by threat actors for malicious purposes.","https://github.com/infosecB/LOOBins"
"itaymigdal/RegStrike: RegStrike is a .reg payload generator","https://github.com/itaymigdal/RegStrike"
"jasperan/whatsapp-osint: WhatsApp spy - logs online/offline events from ANYONE in the world","https://github.com/jasperan/whatsapp-osint"
"jayateertha043/WebDirScan: WebDirScan is a tool for brute-forcing URIs (directories and files) on web servers by taking input directory to scan for files & directories recursively. It's written in Go and it's capable of multithreaded scanning.","https://github.com/jayateertha043/WebDirScan"
"jiep/offensive-ai-compilation: A curated list of useful resources that cover Offensive AI.","https://github.com/jiep/offensive-ai-compilation"
"jm33-m0/emp3r0r: Linux/Windows post-exploitation framework made by linux user","https://github.com/jm33-m0/emp3r0r"
"joeavanzato/Trawler: PowerShell script to help Incident Responders discover adversary persistence mechanisms.","https://github.com/joeavanzato/Trawler"
"joelsernamoreno/EvilCrow-Keylogger: WiFi keylogger with Micro SD slot, based on the Atmega32U4 microcontroller and the ESP32-PICO module","https://github.com/joelsernamoreno/EvilCrow-Keylogger"
"jungawagat/powermayhem: Powershell Payload Generator In Bash !","https://github.com/jungawagat/powermayhem"
"jzck/horqrux: QR code splitting","https://github.com/jzck/horqrux"
"kacakb/jsfinder: Fetches JavaScript files quickly and comprehensively.","https://github.com/kacakb/jsfinder"
"karthik558/ddos-attack: This script is designed for educational purposes only and allows users to simulate a DDoS attack. Please note that hacking is illegal and this script should not be used for any malicious activities. It is intended to help users better understand how DDoS attacks work and how to protect their systems from such attacks.","https://github.com/karthik558/DDoS-ATTACK"
"kkrypt0nn/wordlists: üìú A collection of wordlists for many different usages.","https://github.com/kkrypt0nn/wordlists"
"l4rm4nd/LinkedInDumper: Python 3 script to dump company employees from LinkedIn API","https://github.com/l4rm4nd/LinkedInDumper"
"LaresLLC/ScrapingKit: Scraping Kit is made up of several tools for scraping services for keywords, useful for initial enumeration of Domain Controllers or if you have popped a user's desktop and their outlook client.","https://github.com/LaresLLC/ScrapingKit"
"leebaird/discover: Custom bash scripts used to automate various penetration testing tasks including recon, scanning, enumeration, and malicious payload creation using Metasploit. For use with Kali Linux.","https://github.com/leebaird/discover"
"lutfumertceylan/top25-parameter: For basic researches, top 25 vulnerability parameters that can be used in automation tools or manual recon. üõ°Ô∏è‚öîÔ∏èüßô","https://github.com/lutfumertceylan/top25-parameter"
"Macmod/malkom: Malkom is an extensible and simple similarity graph generator for malware analysis aimed at helping analysts visualize and cluster sets of PE and ELF malware samples.","https://github.com/Macmod/malkom"
"magisterquis/chromecookiestealer: Steal/Inject Chrome cookies over the DevTools (--remote-debugging-port) protocol.","https://github.com/magisterquis/chromecookiestealer"
"mitchellkrogza/Phishing.Database: Phishing Domains, urls websites and threats database. We use the PyFunceble testing tool to validate the status of all known Phishing domains and provide stats to reveal how many unique domains used for Phishing are still active.","https://github.com/mitchellkrogza/Phishing.Database"
"MitchHS/Discord-DLL-Hijacking: This is a simple example of DLL hijacking enabling proxy execution.","https://github.com/MitchHS/Discord-DLL-Hijacking"
"Mr-Un1k0d3r/PowerLessShell: Run PowerShell command without invoking powershell.exe","https://github.com/Mr-Un1k0d3r/PowerLessShell"
"naksyn/PythonMemoryModule: pure-python implementation of MemoryModule technique to load dll and unmanaged exe entirely from memory","https://github.com/naksyn/PythonMemoryModule"
"netbiosX/Checklists: Red Teaming & Pentesting checklists for various engagements","https://github.com/netbiosX/Checklists"
"ninoseki/mihari: A tool for OSINT based threat hunting","https://github.com/ninoseki/mihari"
"ninoseki/mitaka: A browser extension for OSINT search","https://github.com/ninoseki/mitaka"
"NoorQureshi/kali-linux-cheatsheet: Kali Linux Cheat Sheet for Penetration Testers","https://github.com/NoorQureshi/kali-linux-cheatsheet"
"nullt3r/udpx: Fast and lightweight, UDPX is a single-packet UDP scanner written in Go that supports the discovery of over 45 services with the ability to add custom ones. It is easy to use and portable, and can be run on Linux, Mac OS, and Windows. Unlike internet-wide scanners like zgrab2 and zmap, UDPX is designed for portability and ease of use.","https://github.com/nullt3r/udpx"
"Octoberfest7/DropSpawn_BOF: CobaltStrike BOF to spawn Beacons using DLL Application Directory Hijacking","https://github.com/Octoberfest7/DropSpawn_BOF"
"oppsec/Pinkerton: üïµÔ∏è Pinkerton is an JavaScript file crawler and secret finder developed in Python","https://github.com/oppsec/Pinkerton"
"optiv/Freeze.rs: Freeze.rs is a payload toolkit for bypassing EDRs using suspended processes, direct syscalls written in RUST","https://github.com/optiv/Freeze.rs"
"OWASP/wrongsecrets: Vulnerable app with examples showing how to not use secrets","https://github.com/OWASP/wrongsecrets"
"PhoenixC2/PhoenixC2: Command & Control-Framework created for collaboration in python3","https://github.com/PhoenixC2/PhoenixC2"
"projectdiscovery/uncover: Quickly discover exposed hosts on the internet using multiple search engines.","https://github.com/projectdiscovery/uncover"
"r0oth3x49/Tor: Tor is a python based module for using tor proxy/network services on windows, osx, linux with just one click.","https://github.com/r0oth3x49/Tor"
"randorisec/MobileHackingCheatSheet: Basics on commands/tools/info on how to assess the security of mobile applications","https://github.com/randorisec/MobileHackingCheatSheet"
"reddelexc/hackerone-reports: Top disclosed reports from HackerOne","https://github.com/reddelexc/hackerone-reports"
"RipFran/rpcenum: Herramienta en Bash ideal para extraer la informaci√≥n m√°s relevante de un dominio v√≠a rpcclient.","https://github.com/RipFran/rpcenum"
"RischardV/emoji-shellcoding: ü§© Emoji shellcoding tools for RISC-V (32-bit and 64-bit)","https://github.com/RischardV/emoji-shellcoding"
"roys/cewler: CeWLeR - Custom Word List generator Redefined. CeWL alternative in Python, based on the Scrapy framework.","https://github.com/roys/cewler"
"S3cur3Th1sSh1t/WinPwn: Automation for internal Windows Penetrationtest / AD-Security","https://github.com/S3cur3Th1sSh1t/WinPwn"
"s7ephen/seacrane: Still point in moving world.","https://github.com/s7ephen/seacrane"
"shadawck/awesome-anti-forensic: Tools and packages that are used for countering forensic activities, including encryption, steganography, and anything that modify attributes. This all includes tools to work with anything in general that makes changes to a system for the purposes of hiding information.","https://github.com/shadawck/awesome-anti-forensic"
"SharadKumar97/OSINT-SPY: Performs OSINT scan on email/domain/ip_address/organization using OSINT-SPY. It can be used by Data Miners, Infosec Researchers, Penetration Testers and cyber crime investigator in order to find deep information about their target. If you want to ask something please feel free to reach out to me at robotcoder@protonmail.com","https://github.com/SharadKumar97/OSINT-SPY"
"six2dez/reconftw: reconFTW is a tool designed to perform automated recon on a target domain by running the best set of tools to perform scanning and finding out vulnerabilities","https://github.com/six2dez/reconftw"
"spyboy-productions/r4ven: Track ip and gps location of user's smartphone & pc.","https://github.com/spyboy-productions/r4ven"
"streaak/keyhacks: Keyhacks is a repository which shows quick ways in which API keys leaked by a bug bounty program can be checked to see if they're valid.","https://github.com/streaak/keyhacks"
"superhedgy/AttackSurfaceMapper: AttackSurfaceMapper is a tool that aims to automate the reconnaissance process.","https://github.com/superhedgy/AttackSurfaceMapper"
"Syslifters/OffSec-Reporting: Offensive Security OSCP, OSWP, OSEP, OSWA, OSWE, OSED, OSMR, OSEE, OSDA Exam and Lab Reporting / Note-Taking Tool","https://github.com/Syslifters/OffSec-Reporting"
"SysSec-KAIST/LTESniffer: An Open-source LTE Downlink/Uplink Eavesdropper","https://github.com/SysSec-KAIST/LTESniffer"
"t3l3machus/PowerShell-Obfuscation-Bible: A collection of techniques, examples and a little bit of theory for manually obfuscating PowerShell scripts to achieve AV evasion, compiled for educational purposes. The contents of this repository are the result of personal research, including reading materials online and conducting trial-and-error attempts in labs and pentests.","https://github.com/t3l3machus/PowerShell-Obfuscation-Bible"
"t3l3machus/psudohash: Generates millions of keyword-based password mutations in seconds.","https://github.com/t3l3machus/psudohash"
"TarunYenni/FCracker: FCracker is a command line tool designed to brute force encrypted files like zip, 7z, rar, pdf etc.","https://github.com/TarunYenni/FCracker"
"TheNewAttacker64/Theattacker-Crypter: Tool to evade Antivirus With Different Techniques","https://github.com/TheNewAttacker64/Theattacker-Crypter"
"ThePorgs/Exegol: Fully featured and community-driven hacking environment","https://github.com/ThePorgs/Exegol"
"thewhiteh4t/seeker: Accurately Locate Smartphones using Social Engineering","https://github.com/thewhiteh4t/seeker"
"THUYimingLi/BackdoorBox: The open-sourced Python toolbox for backdoor attacks and defenses.","https://github.com/THUYimingLi/BackdoorBox"
"trustedsec/hardcidr: hardCIDR is a Linux Bash script, but also functions under macOS. Your mileage may vary on other distros. The script with no specified options will query ARIN and a pool of BGP route servers. The route server is selected at random at runtime.","https://github.com/trustedsec/hardcidr"
"victoni/Bug-Bounty-Scripts: The scripts I write to help me on my bug bounty hunting","https://github.com/victoni/Bug-Bounty-Scripts"
"VoldeSec/PatchlessCLRLoader: .NET assembly loader with patchless AMSI and ETW bypass","https://github.com/VoldeSec/PatchlessCLRLoader"
"WesleyWong420/RedTeamOps-Havoc-101: Materials for the workshop ""Red Team Ops: Havoc 101""","https://github.com/WesleyWong420/RedTeamOps-Havoc-101"
"whalebone7/FfufMaster: Run ffuf with the appropriate options to brute-force the directories using the awesome different wordlists.","https://github.com/whalebone7/FfufMaster"
"win3zz/CVE-2023-25157: CVE-2023-25157 - GeoServer SQL Injection - PoC","https://github.com/win3zz/CVE-2023-25157"
"WKL-Sec/GregsBestFriend: GregsBestFriend process injection code created from the White Knight Labs Offensive Development course","https://github.com/WKL-Sec/GregsBestFriend"
"x0reaxeax/PageSplit: Splitting and executing shellcode across multiple pages","https://github.com/x0reaxeax/PageSplit"
"x0rz/phishing_catcher: Phishing catcher using Certstream","https://github.com/x0rz/phishing_catcher"
"XiaoliChan/wmiexec-Pro: New generation of wmiexec.py","https://github.com/XiaoliChan/wmiexec-Pro"
"xtekky/gpt4free: decentralising the Ai Industry, just some language model api's...","https://github.com/xtekky/gpt4free"
"Yamato-Security/hayabusa: Hayabusa (Èöº) is a sigma-based threat hunting and fast forensics timeline generator for Windows event logs.","https://github.com/Yamato-Security/hayabusa"
"yasserbdj96/hiphp: The BackDoor of HIPHP gives you the power to control websites based on PHP using HTTP/HTTPS protocol. By sending files, tokens and commands through port 80's POST/GET method, users can access a range of activities such as downloading and editing files. It also allows for connecting to Tor networks with password protection for extra security.","https://github.com/yasserbdj96/hiphp"
"Zarcolio/sitedorks: Search Google/Bing/Ecosia/DuckDuckGo/Yandex/Yahoo for a search term (dork) with a default set of websites, bug bounty programs or custom collection.","https://github.com/Zarcolio/sitedorks"
"ZeroMemoryEx/Blackout: kill anti-malware protected processes (BYOVD)","https://github.com/ZeroMemoryEx/Blackout"
